"ID","NAME","IMG","ALT_IMG","","","","","","","","","","","","","","","","","","","","","",""
" ","Penny","","-","","","","","","","","","","","","","","","","","","","","","",""
"AZK01-002","Healing Flutter","","-","","","","","","","","","","","","","","","","","","","","","",""
"AZK01-003","Black Jade Courier","","-","","","","","","","","","","","","","","","","","","","","","",""
"AZK01-004","Alley Thug","","-","","","","","","","","","","","","","","","","","","","","","",""
"AZK01-005","Caravan Guard","","-","","","","","","","","","","","","","","","","","","","","","",""
"AZK01-006","Gus","","-","","","","","","","","","","","","","","","","","","","","","",""
"AZK01-007","Johnny","","-","","","","","","","","","","","","","","","","","","","","","",""
"AZK01-008","Rainy Day Assassin","","-","","","","","","","","","","","","","","","","","","","","","",""
"AZK01-009","The Red Bean","","-","","","","","","","","","","","","","","","","","","","","","",""
"AZK01-010","JD","","-","","","","","","","","","","","","","","","","","","","","","",""
"AZK01-011","Rooftop Hunter","","-","","","","","","","","","","","","","","","","","","","","","",""
"AZK01-012","Ed","","-","","","","","","","","","","","","","","","","","","","","","",""
"AZK01-013","Gou the Iron Judge","","-","","","","","","","","","","","","","","","","","","","","","",""
"AZK01-014","Trade Guild Cavalry","","-","","","","","","","","","","","","","","","","","","","","","",""
"AZK01-015","Mo","","-","","","","","","","","","","","","","","","","","","","","","",""
"AZK01-016","Sleight of Hand","","-","","","","","","","","","","","","","","","","","","","","","",""
"AZK01-017","Hook Sword Strike","","-","","","","","","","","","","","","","","","","","","","","","",""
"AZK01-018","Monk Staff of Warding","","-","","","","","","","","","","","","","","","","","","","","","",""
"AZK01-019","Jay","","-","","","","","","","","","","","","","","","","","","","","","",""
"AZK01-020","Power of Friendship","","-","","","","","","","","","","","","","","","","","","","","","",""
"AZK01-021","Mizuto","","-","","","","","","","","","","","","","","","","","","","","","",""
"AZK01-022","Mirage Frog","","-","","","","","","","","","","","","","","","","","","","","","",""
"AZK01-023","Maho","","-","","","","","","","","","","","","","","","","","","","","","",""
"AZK01-024","Fumiko","","-","","","","","","","","","","","","","","","","","","","","","",""
"AZK01-025","Lighthouse Keeper","","-","","","","","","","","","","","","","","","","","","","","","",""
"AZK01-026","Moonlit Crane","","-","","","","","","","","","","","","","","","","","","","","","",""
"AZK01-027","Kaiya Mizumi","","-","","","","","","","","","","","","","","","","","","","","","",""
"AZK01-028","Soryu no Rin","","","","","","","","","","","","","","","","","","","","","","","",""
"AZK01-029","Aquatic Veil","","-","","","","","","","","","","","","","","","","","","","","","",""
"AZK01-030","Lotus of Paradise","","-","","","","","","","","","","","","","","","","","","","","","",""
"AZK01-031","Tidal Insight","","-","","","","","","","","","","","","","","","","","","","","","",""
"AZK01-032","Rippling Recall","","-","","","","","","","","","","","","","","","","","","","","","",""
"AZK01-033","Elder Hoshin","","-","","","","","","","","","","","","","","","","","","","","","",""
"AZK01-034","Kira","","-","","","","","","","","","","","","","","","","","","","","","",""
"AZK01-035","Raimaru the Stolen","","-","","","","","","","","","","","","","","","","","","","","","",""
"AZK01-036","Denmu","","-","","","","","","","","","","","","","","","","","","","","","",""
"AZK01-037","Stormcaller Tenkichi","","-","","","","","","","","","","","","","","","","","","","","","",""
"AZK01-038","Riven Flashborne","","-","","","","","","","","","","","","","","","","","","","","","",""
"AZK01-039","Piko","","-","","","","","","","","","","","","","","","","","","","","","",""
"AZK01-040","Black Jade Vault Master","","-","","","","","","","","","","","","","","","","","","","","","",""
"AZK01-041","Wu Cha","","-","","","","","","","","","","","","","","","","","","","","","",""
"AZK01-042","Thunderclap","","","","","","","","","","","","","","","","","","","","","","","",""
"AZK01-043","Stormglass Daggers","","-","","","","","","","","","","","","","","","","","","","","","",""
"AZK01-044","Lightning Kanabō","","-","","","","","","","","","","","","","","","","","","","","","",""
"AZK01-045","Treetop Scout","","-","","","","","","","","","","","","","","","","","","","","","",""
"AZK01-046","Mina the Geomancer","","-","","","","","","","","","","","","","","","","","","","","","",""
"AZK01-047","Shiko the Priestess","","-","","","","","","","","","","","","","","","","","","","","","",""
"AZK01-048","Kale","","-","","","","","","","","","","","","","","","","","","","","","",""
"AZK01-049","Lone Journeyman","","-","","","","","","","","","","","","","","","","","","","","","",""
"AZK01-050","Shroom Tender","","-","","","","","","","","","","","","","","","","","","","","","",""
"AZK01-051","Chillax","","-","","","","","","","","","","","","","","","","","","","","","",""
"AZK01-052","Yojin","","-","","","","","","","","","","","","","","","","","","","","","",""
"AZK01-053","Geodust Smuggler","","-","","","","","","","","","","","","","","","","","","","","","",""
"AZK01-054","Teb Fea","","","","","","","","","","","","","","","","","","","","","","","",""
"AZK01-055","Earth Orb","","-","","","","","","","","","","","","","","","","","","","","","",""
"AZK01-056","Glass Blower, Hokuto","","-","","","","","","","","","","","","","","","","","","","","","",""
"AZK01-057","Lounge Siren, Saeko","","-","","","","","","","","","","","","","","","","","","","","","",""
"AZK01-058","Black Jade Warlord","","-","","","","","","","","","","","","","","","","","","","","","",""
"AZK01-059","Spice","","-","","","","","","","","","","","","","","","","","","","","","",""
"AZK01-060","Scarlett","","-","","","","","","","","","","","","","","","","","","","","","",""
"AZK01-061","Firebrand Renji","","-","","","","","","","","","","","","","","","","","","","","","",""
"AZK01-062","Pekiro","","-","","","","","","","","","","","","","","","","","","","","","",""
"AZK01-063","Enzo","","-","","","","","","","","","","","","","","","","","","","","","",""
"AZK01-064","Zero","","","","","","","","","","","","","","","","","","","","","","","",""
"AZK01-065","Fire Orb","","-","","","","","","","","","","","","","","","","","","","","","",""
"AZK01-066","Fire Storm","","-","","","","","","","","","","","","","","","","","","","","","",""
"STT01-001","Raizan","","","","","","","","","","","","","","","","","","","","","","","",""
"STT01-002","Surge Gate","","","","","","","","","","","","","","","","","","","","","","","",""
"STT01-003","Crate Rate Kurobo","","-","","","","","","","","","","","","","","","","","","","","","",""
"STT01-004","Black Jade Recruit","","-","","","","","","","","","","","","","","","","","","","","","",""
"STT01-005","Alpine Prowler","","-","","","","","","","","","","","","","","","","","","","","","",""
"STT01-006","Silver Current, Haruhi","","-","","","","","","","","","","","","","","","","","","","","","",""
"STT01-007","Alley Guy","","-","","","","","","","","","","","","","","","","","","","","","",""
"STT01-008","Black Jade Crewleader","","-","","","","","","","","","","","","","","","","","","","","","",""
"STT01-009","Mastersmith Yamada","","-","","","","","","","","","","","","","","","","","","","","","",""
"STT01-010","Indra","","-","","","","","","","","","","","","","","","","","","","","","",""
"STT01-011","Raizan","","","","","","","","","","","","","","","","","","","","","","","",""
"STT01-012","Lightning Shuriken","","-","","","","","","","","","","","","","","","","","","","","","",""
"STT01-013","Black Jade Dagger","","-","","","","","","","","","","","","","","","","","","","","","",""
"STT01-014","Tenshin","","-","","","","","","","","","","","","","","","","","","","","","",""
"STT01-015","Tenraku","","-","","","","","","","","","","","","","","","","","","","","","",""
"STT01-016","Ikazuchi","","","","","","","","","","","","","","","","","","","","","","","",""
"STT01-017","Lightning Orb","","-","","","","","","","","","","","","","","","","","","","","","",""
"STT02-001","Shao","","","","","","","","","","","","","","","","","","","","","","","",""
"STT02-002","Hydromancy Gate","","","","","","","","","","","","","","","","","","","","","","","",""
"STT02-003","Hayabusa Itto","","-","","","","","","","","","","","","","","","","","","","","","",""
"STT02-004","Rei","","-","","","","","","","","","","","","","","","","","","","","","",""
"STT02-005","Hayabusa Saburo","","-","","","","","","","","","","","","","","","","","","","","","",""
"STT02-006","Foamback Crab","","-","","","","","","","","","","","","","","","","","","","","","",""
"STT02-007","Benzai the Merchant","","-","","","","","","","","","","","","","","","","","","","","","",""
"STT02-008","Serene Fist, Misaki","","-","","","","","","","","","","","","","","","","","","","","","",""
"STT02-009","Aya","","-","","","","","","","","","","","","","","","","","","","","","",""
"STT02-010","Selis of the Shore","","-","","","","","","","","","","","","","","","","","","","","","",""
"STT02-011","Bubblemancer","","-","","","","","","","","","","","","","","","","","","","","","",""
"STT02-012","Young Shao","","-","","","","","","","","","","","","","","","","","","","","","",""
"STT02-013","Mizuki","","","","","","","","","","","","","","","","","","","","","","","",""
"STT02-014","Chilling Water","","-","","","","","","","","","","","","","","","","","","","","","",""
"STT02-015","Commune with Water","","-","","","","","","","","","","","","","","","","","","","","","",""
"STT02-016","Water Orb","","-","","","","","","","","","","","","","","","","","","","","","",""
"STT02-017","Shao's Perseverance","","","","","","","","","","","","","","","","","","","","","","","",""
"AZP-001","IKZ Token (Yuki)","","-","","","","","","","","","","","","","","","","","","","","","",""
"AZP-002","IKZ Token (Yuki Winner)","","-","","","","","","","","","","","","","","","","","","","","","",""
"IKZ-001","IKZ","","","","","","","","","","","","","","","","","","","","","","","",""
"IKZ-002","IKZ Token","","","","","","","","","","","","","","","","","","","","","","","",""